CategoryName,Sales Var,2017 sales,2018 sales,Color var
Beverages,-11800.6000000052,110413,122214,Negative
Condiments,25118.56999994367,59673,34554,Positive
Confections,28862.759999933587,87217,58355,Positive
Dairy Products,41101.10999986679,123900,82799,Positive
Grains/Cereals,30061.979999962074,60482,30420,Positive
Meat/Poultry,27342.40999996575,87615,60272,Positive
Produce,25300.979999958356,57715,32414,Positive
Seafood,22604.139999959094,71311,48707,Positive
